gene_id,C_0083_BA9_mRNASeq,C_0010_BA9_mRNASeq,H_0006_BA9_mRNASeq,C_0053_BA9_mRNASeq,H_0689_BA9_mRNASeq,C_0024_BA9_mRNASeq,H_0709_BA9_mRNASeq,H_0014_BA9_mRNASeq,C_0029_BA9_mRNASeq_REPEAT,C_0021_BA9_mRNASeq_REPEAT,C_0074_BA9_mRNASeq,C_0031_BA9_mRNASeq,C_0107_BA9_mRNASeq,C_0005_BA9_mRNASeq,C_0082_BA9_mRNASeq,H_1106_BA9_mRNASeq,C_0032_BA9_mRNASeq,H_0821_BA9_mRNASeq,H_0695_BA9_mRNASeq,C_0019_BA9_mRNASeq,H_0723_BA9_mRNASeq,C_0060_BA9_mRNASeq,H_0750_BA9_mRNASeq,C_0014_BA9_mRNASeq_REPEAT,H_0010_BA9_mRNASeq,H_0002_BA9_mRNASeq,C_0022_BA9_mRNASeq,C_0037_BA9_mRNASeq,C_0029_BA9_mRNASeq,C_0018_BA9_mRNASeq,H_0009_BA9_mRNASeq,H_0013_BA9_mRNASeq,C_0077_BA9_mRNASeq,H_0012_BA9_mRNASeq,C_0002_BA9_mRNASeq,C_0039_BA9_mRNASeq,H_0726_BA9_mRNASeq,C_0020_BA9_mRNASeq,C_0006_BA9_mRNASeq,C_0034_BA9_mRNASeq,C_0076_BA9_mRNASeq,C_0075_BA9_mRNASeq,C_0071_BA9_mRNASeq,C_0015_BA9_mRNASeq,C_0103_BA9_mRNASeq,H_0001_BA9_mRNASeq,H_0007_BA9_mRNASeq,C_0025_BA9_mRNASeq,H_0003_BA9_mRNASeq,C_0113_CAP_mRNASeq,H_0513_BA9_mRNASeq,C_0023_BA9_mRNASeq,C_0033_BA9_mRNASeq,C_0013_BA9_mRNASeq,H_0700_BA9_mRNASeq,C_0061_BA9_mRNASeq,C_0106_BA9_mRNASeq,H_1104_CAP_mRNASeq,C_0036_BA9_mRNASeq,C_0016_BA9_mRNASeq,C_0011_BA9_mRNASeq,C_0065_BA9_mRNASeq,C_0009_BA9_mRNASeq,C_0114_CAP_mRNASeq,H_1105_BA9_mRNASeq,C_0038_BA9_mRNASeq,H_0740_BA9_mRNASeq,C_0003_BA9_mRNASeq,H_0656_BA9_mRNASeq,C_0054_BA9_mRNASeq,C_0004_BA9_mRNASeq,C_0026_BA9_mRNASeq,C_0017_BA9_mRNASeq,H_0802_BA9_mRNASeq,H_1105_CAP_mRNASeq,C_0021_BA9_mRNASeq,C_0070_BA9_mRNASeq,C_0014_BA9_mRNASeq,H_0681_BA9_mRNASeq,H_0539_BA9_mRNASeq,C_0062_BA9_mRNASeq,H_0005_BA9_mRNASeq,C_0012_BA9_mRNASeq,C_0050_BA9_mRNASeq,H_0791_BA9_mRNASeq,C_0018_BA9_mRNASeq_REPEAT,H_1104_BA9_mRNASeq,C_0087_BA9_mRNASeq,H_0658_BA9_mRNASeq,C_0035_BA9_mRNASeq,H_0008_BA9_mRNASeq,H_0657_BA9_mRNASeq,H_0601_BA9_mRNASeq,C_0008_BA9_mRNASeq,C_0081_BA9_mRNASeq,C_0069_BA9_mRNASeq
ENSG00000270726.6_PAR_Y,38.93701414514444,75.92680350657794,26.28870977735567,22.974477226360783,70.04789848121682,130.22044558828378,61.12604587855106,22.60353661037444,40.914589951305594,38.52125805318708,12.107967122535898,26.298248531812273,26.48831982110085,84.98013465404077,39.809910288632274,7.895837102497013,38.68814919697717,24.027847117545136,29.913279545281124,96.08523477601469,72.26432242789829,44.92612060935082,56.305947650253046,36.97659626332685,36.96081301295968,29.34755693673181,83.1173640840066,44.597682321935146,77.76922297512174,174.6531028977893,41.99781437715689,40.61728216689927,40.33312096896845,44.078140573759356,127.13894881044494,59.73528834785552,47.845564266363745,139.32344457630992,113.1465796660936,34.19433378277005,54.197953232188404,24.7632217490118,67.86669801045552,129.01444353216772,14.296102692264292,44.561205214149425,43.66943813941453,132.47938261965587,37.42487969018242,21.009203800941016,54.40629223504432,175.64310369386035,31.43457961669725,108.92588049828913,60.00533484029327,32.81522230352147,18.81252268374907,20.166391863971324,38.55206480463103,102.17278792279689,80.70687391278216,31.46514136593184,158.26033995947776,25.04518727635662,45.490110283706315,35.796958333776004,63.8588409143392,151.25752647625416,71.39892965581106,12.382584166871615,105.43216723405355,112.36681759128332,87.65337829389877,15.51963452716356,4.1783732217734695,98.94542680094757,71.89792068749496,110.49818087978831,62.87658630230229,58.68128439769565,39.555244391969815,30.89613687133049,103.514831177004,36.21829888128967,18.6231325828415,63.492590874346114,83.61948371098404,40.92511857552039,48.15206189178401,61.35732865404694,44.15484820805408,121.20187983313015,63.027279139664756,118.940003731848,52.33012366882181,42.108401380906614
ENSG00000228786.5,33.56841672869274,35.10570600384047,33.69732982243011,28.295786788309165,34.94421529712851,24.41575443806016,34.9741986741933,46.87747969824381,33.43998223081974,33.33386074804056,39.867495625011436,19.28416535284852,106.0262965728845,32.70843784166717,13.965960712226126,87.82586738476873,23.735413074826212,67.78134164449615,20.265983076180838,23.976850089992197,3.714449402993388,34.7193929855016,31.30562864125769,15.693067970028837,19.39420505253156,16.53311474722711,27.873682004174963,25.41971660566011,28.12173492505569,31.767175495357233,24.166700799505033,25.23802666557836,15.067246792326651,27.68354282846305,37.37690658686308,17.260813238001372,38.14841099881802,44.889971572201816,21.94150921465543,30.39286875367218,22.30185935376267,26.641025804166212,15.991148160540593,19.152168346207308,64.22840690258718,41.38826376896718,25.829880824435218,35.602400172576985,33.641156694360696,75.93244428537605,19.59543970751251,22.995714964160328,55.70866319456756,35.100731842835195,25.05647983014961,17.086567844459587,58.5531452073814,91.4313149027877,11.515774943755815,24.332692725588387,21.458149419014905,19.154679575029075,31.294937129995308,74.08843670158983,25.387527426910964,24.65126061542212,8.544335666553447,37.25382343845239,28.83019407832846,65.85790392664634,31.12353757031525,17.395554843837076,26.93112086350689,62.77447094391682,59.58730114482061,37.954017336037786,13.724786561913948,24.408316558833157,17.807397297347386,19.205295430925386,31.362932897613664,27.752746236472788,30.41272955142469,24.348800870794634,128.14906138157986,26.074796451729828,20.04439099725072,15.002820969181695,47.34531224463032,11.740455081965345,43.62777923669504,21.91938084469529,24.857044900678854,25.21142502452977,19.28867290024553,45.53811817208185
ENSG00000244231.1,29.141585695502158,57.400872229959354,53.4710004147396,64.80510959900604,46.81419884916943,80.4657748228324,97.34899741317386,100.02667056158232,43.086130951248514,52.504021307151014,48.22809309098635,37.942787453092016,89.36216268083021,60.383178561625535,31.57527624486217,51.88463766506719,35.51305655631857,79.93352058887984,46.13920425884446,58.7119438357429,66.76704846958121,47.07505403033179,62.565709446038674,69.14340445430139,51.660479607187284,34.32365898785767,58.126270601497744,55.68128399335072,32.28172290029032,60.5273189494393,29.514177939105252,47.00684891913719,30.459330630702578,49.29349748774462,96.70533904367693,90.07614429746799,35.509737986689075,68.17846382243907,36.9100957755685,61.58874625105817,49.99794100980546,28.833527213479172,37.74748631844837,54.34054333151907,83.13208188142083,49.27565334824253,45.2095654899728,69.86551175411883,71.8046670596972,47.353508894352274,51.8861244063196,85.74491713506535,46.143680169516045,34.666561741451844,41.06808851775982,38.37545424881041,77.37317355227745,62.63276812083005,50.659454068508644,71.20284323058864,95.9706613079147,10.996684876616412,26.29559428375069,43.53542930192722,46.48784269424185,46.837395169302035,47.752605485955755,32.543290601518,68.16343844432063,29.597392375675092,66.14885712394599,75.55374891168309,56.56134616151431,64.8777768207495,33.075268457909196,53.27516646855617,70.57773887549357,52.36837859560289,55.32962539801328,54.19764814353004,47.399714901586634,42.68011724178822,58.12602814425618,34.517255649314635,94.21445316314636,53.63704845828751,49.22654064618369,44.28080273378684,24.1752373288944,74.52869681898935,53.35964620599739,28.067499862109827,61.20174319955193,55.93799759362359,37.48662388479135,62.83999300669299
ENSG00000229236.1,3.5866567009848804,9.344328037435245,1.8927787757429948,1.7053976210264747,0.0,6.095892032032758,7.3934449995828375,120.65473880969074,3.858459488171509,11.667560290478002,81.4727009498216,0.0,0.0,7.751304468291953,6.679372514542932,124.35841726071659,9.864518720783582,0.0,12.791066527204404,6.646635151216179,1.8045148235021948,2.5677302198362795,15.015770267049279,6.4821941675907535,2.152519983632803,0.0,4.745001681754919,8.47323886855337,0.0,6.967173404252005,6.148787070646929,17.813121695673047,7.497681386019098,4.195191275552734,6.593545843887062,25.1374117229598,1.7113126740573044,1.947939412589008,4.921165660668242,0.0,8.33299016830091,1.647630126484524,4.923585171971527,8.744455248750196,99.01124358910795,4.1063044456868765,8.114474976597862,10.64617321967525,0.0,118.38377223588068,7.982456116491889,0.0,0.0,2.4469477816082033,3.5327387972266515,3.3011143439836905,0.0,0.0,15.418094716502633,4.631071704311936,8.90449434815703,10.6994771772484,15.899661659942277,0.0,14.462884393764124,4.930252123084424,10.142146297902107,2.169552706767867,10.692304069697355,0.0,3.978872640729622,6.142411422097527,3.0573204846145363,0.7911924002530427,83.1122130480795,3.591511618993516,0.0,3.9276185756237783,3.3197775238807963,7.315011019358631,10.026862767643324,7.682421103521879,6.949805866340197,5.752875941552439,0.0,1.1788362298524726,0.0,6.81238627298079,4.395497696162616,6.315991255846554,0.0,6.415428539910817,0.0,10.17054501702247,11.107147817715957,7.616938073788751
ENSG00000260197.1,135.39629046217922,148.17434459361598,90.85338123566376,121.08323109287971,0.0,101.19180773174378,91.18582166152164,105.08638541489194,171.05837064227018,152.5757884139431,62.74334440963272,104.59903568149693,21.385816709942276,77.51304468291953,77.7236074419541,89.76865881733845,134.1574546026567,30.55811969958037,118.77418918118376,59.819716360945606,116.95746286750656,267.0439428629731,137.64456078128507,182.11292367568382,104.39721920619095,107.70527475500164,30.84251093140697,133.15089650583866,117.1150877312858,274.33245279242266,145.1113748672675,199.9028101403308,97.46985801824827,178.29562921099117,126.0099872387305,125.687058614799,119.79188718401129,81.81345532873834,114.41710161053663,0.0,87.03345286892063,158.99630720575658,137.03978728654084,117.42554191178834,100.87938026060057,72.88690391094208,142.58291744593387,103.80018889183368,142.65193855859846,101.99217300322027,117.6081867829805,67.52412224386394,110.34358301406012,93.79966496164776,116.58038030847948,228.60216832087056,25.01887048995798,18.549883816052784,191.6248914765327,45.15294911704139,80.14044913341327,95.70087919649956,145.54305673331777,21.96382018835968,72.31442196882064,118.32605095402616,71.84020294347326,97.629871804554,104.2499646795492,20.118842395546203,105.440124979335,120.39126387311151,89.68140088202641,22.944579607338238,106.8585596332451,100.56232533181844,115.31898405549394,128.30220680371008,140.5372485109537,71.82010819006656,130.3492159793632,135.72277282888652,83.39767039608236,152.04029274102874,16.648337105134296,166.21590840919862,0.0,97.31980389972557,142.4141253556688,69.4759038143121,110.86373095226645,85.5390471988109,0.0,107.35575295745942,106.4434999197779,101.55917431718336
ENSG00000176728.7,118.00100546240256,152.17905660965963,201.85066059217232,257.08869136974107,12.37688769717973,117.32482983019976,183.1457370144996,325.91880781409463,189.71402226757942,147.0722899753884,371.5557844477478,115.28762145510711,48.21035212089015,127.24644765874314,147.5534110030847,321.8321717796395,103.46301815106655,39.062031261404314,118.1163629026418,115.67951520179994,141.18433753339997,137.8015217978803,220.5622698530257,165.29487090786958,164.66777874790944,133.7379947356199,144.21958111525896,181.5694043261436,156.1534503083811,379.1344169325325,190.61239919005482,59.37717128069735,104.83539276983878,265.91010140527226,159.90520857353928,213.39463029267108,143.93508638961168,86.27043810171261,171.81265671091037,6.635217226819041,103.37722425234811,224.0776972018953,115.25948768079613,122.32431066292746,422.2502615157943,104.95919478397944,125.19475678179559,93.75060060395599,179.48773276022308,420.69312623943466,200.89606957497463,170.06539683422437,201.62781987114622,107.1159547891596,146.65016976577343,80.91707985544542,49.90328771665326,56.61099161001294,143.50611915880776,115.23021036989701,106.30482169308134,149.97576042428832,168.05086238931142,36.62310131979059,123.96758051797823,131.27289302924592,160.5839830501167,189.45467143160926,189.7883972371281,43.42748701522147,125.78410079138555,152.33180326801863,105.01284400554009,42.72391489822415,401.4481026145496,104.65652886041708,206.3926243321074,137.46665014683222,204.66207116223518,113.39131581308166,97.88405740369188,116.76255754539451,118.83157150588451,152.62133321112557,32.55203949611168,92.37113141515707,5.469615627353744,127.4889431086405,106.37104424713536,138.40863238062138,228.2031471237073,98.0346981374222,6.8959710647382435,115.20063334725607,110.15421288654652,130.78536570631078
ENSG00000251510.1,137.21203541705285,146.5577758431397,108.55180917824863,96.59286855612902,0.0,133.7414328259859,56.683078330135075,253.7773934356061,168.50792892058882,193.77663631353408,117.99494620318987,118.95576606915334,0.0,126.356081152152,93.08069928425456,103.4052593008017,147.85729820208098,0.0,100.56519233209922,137.9213719628197,120.57461283121668,185.58184572859383,61.535565040009644,179.01551522927002,168.0913617818774,105.95228264028042,133.40690853295996,174.43493719882167,100.18339914385773,115.84580488252467,56.56884104995174,181.55727402953156,137.76239778671493,105.70728336792112,127.41880820070774,190.521680409088,121.19002963871613,90.20663927273122,84.16768052754108,0.0,100.92639925507116,89.93753808428423,103.48063075438291,116.90399761659502,189.17312376535546,320.3779791569359,130.31267207060696,117.08807691880614,77.43089781227077,124.11536810090092,163.8659878143099,64.7053652741951,80.3573130805965,142.2753318138274,65.74294423933902,255.50872606009563,0.0,0.9710506685400008,140.1692029451647,114.28304042957261,52.327755731075236,60.238056507908496,17.826700653127283,0.0,127.45726790955929,107.82818836464557,54.09144692214458,31.525119516231843,77.51920450530581,0.8047536958218482,108.04131296821197,96.86902218041747,87.16726433684505,0.0,118.39758790602232,117.09010265126473,89.72699181253374,141.4086699905666,93.11942756710394,90.27588099190838,181.72503773480983,154.00266704354442,77.08219226517905,94.05787796554192,0.7567425956879225,188.01848448032013,0.0,128.16628894378258,166.7968301758221,131.51662272224166,94.4209818766292,82.33133292885549,0.0,138.85845111740778,160.10120543151217,137.11948445950563
ENSG00000230663.1,37.00246118705072,23.213713672198768,72.94532804366534,116.39466668327269,1.3384816124081889,15.157313619808809,39.76342589675641,9.332449442512145,65.51291226498032,44.744555211200506,51.59656786473931,10.363816022626589,6.859661103339309,47.857638969860076,84.97194105159946,37.603514682609024,32.81372965356334,10.33756114841202,45.7021152426577,55.78284557610362,66.76704846958121,15.107069566392095,72.64567089488996,107.14008200646809,50.9744714884035,33.64535247179073,94.94570427628527,0.2690858572113449,13.947415974976876,1.5698696383463278,0.6235017660525681,58.95331794612752,50.65508521208362,27.316883110979735,99.06363060717386,67.0330979278928,51.82753216199398,57.58498491495625,42.28757652212221,1.875304439884716,89.05642511544512,65.22053236032032,33.696442498703064,71.72327115814178,11.013599746784642,12.355356789016106,17.92568667080234,53.24829920702347,36.05408072623476,58.566091285013435,111.14346165610426,23.45445027083294,120.53632071411344,6.986818939781535,94.48133276242815,5.483885423298445,12.009706472562902,7.7527908535698815,105.64170137853273,17.662907480245725,36.91763781215469,26.489587270811967,0.0,7.280606337144944,0.0,57.300252968608724,17.711906223112976,55.88377253146807,12.722532035691314,6.73325345988703,62.480038133745225,13.535172113277225,55.737500201593505,7.502363256539439,6.103710041222563,37.18172262090021,7.45187494016305,70.84442005781389,72.80847537974725,59.866715183432795,88.33511137687358,131.57767984236406,26.254407981380034,43.58296629378107,5.007812233798438,48.8746679733065,0.9689177951153928,40.834513838089755,40.48877538838626,54.33318845859487,13.14294710987294,5.27868944930492,2.4263301792004897,12.141822653432914,3.2167595914017477,106.02714324229996
ENSG00000278847.1,23.313268556401724,14.683944058826812,31.23084979975941,42.63494052566187,0.0,8.53424884484586,36.96722499791418,15.568353394798805,29.58152274264823,42.18271797326661,4.682339135047218,58.45240229260122,0.0,7.234550837072488,40.076235087257594,4.117828386116443,12.823874337018658,0.0,28.323075881666888,5.169605117612584,28.872237176035124,49.64278425016806,36.91376857316281,10.803656945984587,25.830239803593642,49.71012681000077,9.490003363509835,20.57786582362961,13.513279353609901,42.67393710104353,24.595148282587715,48.49127572710994,24.36746450456207,32.51273238553369,14.652324097526805,45.03786267030297,20.535752088687648,7.791757650356032,7.381748491002361,0.0,11.110653557734548,22.24300670754108,41.029876433096064,13.116682873125296,4.670341678731508,27.717555008386427,23.184214218851036,9.315401567215844,89.9951827148205,10.017088419959133,28.20467827827134,52.51876174522753,16.049975711136018,10.603440386968877,14.130955188906606,31.360586267845058,0.0,0.0,30.836189433005266,15.050983039013795,9.893882609063366,35.66492392416133,48.922035876745475,0.0,24.793516103595646,19.721008492337692,44.79447948240098,39.0519487218216,34.74998822651641,0.0,13.926054242553679,6.142411422097527,12.229281938458145,0.0,12.721257099195842,38.30945726926417,27.09681046112699,11.782855726871336,42.050515302490076,17.95502704751664,30.99212128180664,25.608070345072928,13.267811199376741,28.7643797077622,0.0,17.68254344778709,0.0,14.597970584958837,13.186493088487852,15.15837901403173,30.04717941696941,10.692380899851363,0.0,5.650302787234706,15.735126075097606,32.37198681360219
ENSG00000226179.6_PAR_Y,66.88666415249179,215.3226858706257,161.79472975051118,136.8462213040274,122.71387218653244,84.40506217177261,178.02503700778854,44.16695153044237,180.37912261252987,70.67472070168634,48.35901129320226,192.27046075520488,46.111257832892505,72.82143846507802,84.15887925187464,43.66462864070153,38.53386812418412,56.29925090128186,88.24821754924953,77.70064194775073,145.22067629060967,220.13579129693062,51.13382814747738,57.24717368136936,36.82488137599328,96.38734409736756,125.58121450932569,53.500877539932844,264.07350217727713,259.4932443380415,83.53754411755058,28.02142589231447,29.71752877857332,77.25465709886738,163.3367828771801,238.6388760154535,48.166007564580966,124.65935667833988,148.01512986733388,29.29402032073101,27.82681701290547,121.78375698404035,149.87229143975597,93.8217587796262,57.10202594184434,254.29008883193984,48.20948688882103,143.7459615837077,139.7768796895282,51.49220557171866,170.24290592390471,453.72030083166237,89.40217658025902,124.95501976634394,50.71396684817739,111.30779872902805,48.11082463977271,46.18083927415793,101.70138701523454,104.86482990451344,137.35479348510492,58.13816522879375,186.92987603414755,61.581453064188224,152.98611837826076,39.30865366474596,125.17267925099152,152.0646000831718,233.43919398646403,24.017230248846406,201.72983760315202,124.26835396273948,111.09181623578199,43.64747378703953,40.78664008629973,187.211134651656,96.98578622420168,131.54641974717532,110.19149414291174,60.50651264722598,39.762709297962154,78.42667871717896,155.80453871481438,62.945009930554,38.53439241206298,64.47173224686159,46.70313347650405,50.42800814711301,66.55530746598549,85.16482609383495,148.16056948580604,39.24328330244347,59.48757719213461,84.44162804016355,42.306015322898304,78.20246845874964
ENSG00000270726.6,38.93809014215473,75.92907284338702,26.28870977735567,22.97460513118236,70.05314167148794,130.22532230190942,61.13220708271737,22.60353661037444,40.920120409905294,38.52592507730327,12.107967122535898,26.299991849073628,26.48831982110085,84.98168491493443,39.81361430429942,7.895837102497013,38.689826165159715,24.027847117545136,29.913370910042037,96.08671180604829,72.26829236051,44.922696969057704,56.306323044509725,36.9777846655909,36.96199689895068,29.34755693673181,83.1213973354361,44.60228208017808,77.74504921983359,174.66529545124672,41.99793735289831,40.61856867013285,40.33715097271344,44.08034304917902,127.14407712387913,59.73947791647601,47.85163942635664,138.2696093540993,113.15223900660338,34.1963688856286,54.202953026289386,24.76486937913829,67.83502294584918,129.01756655189942,14.296102692264292,44.564592915317114,43.67581379832471,132.48829878972734,37.325119072747476,21.010114445342836,54.40682439878541,175.66025267728742,31.434780241393643,108.93240569237342,60.00895589756043,32.81563494281448,18.81252268374907,20.166391863971324,38.55228506312698,102.18969133451763,80.7116229764345,31.46799455984577,158.2640091121685,25.047148331730586,45.50106075331873,35.79732810268524,63.86255970131511,151.25947907369024,71.40534503825288,12.382584166871615,105.43714082485442,112.37271430624851,87.6584738280398,15.52082131576394,4.1783732217734695,98.9528492582935,71.90170163779189,110.51768805204723,62.880238057578545,58.684409902403914,39.555244391969815,30.896307591799456,103.5268353871368,36.15460632622249,18.6231325828415,63.492590874346114,83.63014946145738,40.92794084983349,48.12709546486981,61.35934977124881,44.156195150579656,121.2061567854901,63.03641630132553,118.94339391352035,52.33132694316872,42.111638579587975
ENSG00000224533.4,48.41986546329589,62.80176034519639,66.24725715100482,67.11165988144435,44.94163089520265,28.710066538945966,73.93444999582836,54.592455064803325,73.8260918475621,45.58058078124514,76.68669482632444,49.22307561482207,88.13935223252243,29.302618009025927,53.42277508111233,69.09823095441432,18.967891177071504,130.68580808997382,91.18075228013296,33.35067349525407,57.74465480355259,85.59100732787599,87.59199322445414,62.39003849736641,29.11207939663939,82.85021135000127,20.263766932018466,30.26156738769061,45.725934381648436,51.14802302296769,57.09505424745772,22.76121105558222,54.229698533885546,51.110854348314064,38.37868598541099,105.06181229611047,46.82468069065485,23.54863955878852,39.762034305067274,53.55533838294035,40.81026381657582,65.4829998394693,58.7702102857324,41.55696174297653,90.76145864096306,40.27771373163115,55.47460817751129,26.344754095077885,129.24840070745498,95.66137312180612,40.03590221951685,45.24877176478457,50.02566773229888,40.892494112049704,52.47486050165502,58.45621533112179,101.57661418922942,106.05815401793888,63.8749638255109,21.9975905954817,33.496036389462304,53.497385886242,51.69053388701049,100.75588742550168,45.454779523258686,56.697899415470886,76.1939727955052,45.5606068421252,58.80767238333546,74.28351417116194,44.282166752288205,40.847158805177,38.22170350250555,92.57425798400752,67.03610602668374,36.12270556151299,50.69542269172249,28.80253622124104,49.16059348463639,53.11994752007797,26.172117196102604,38.36157225879512,27.68234036669961,45.414106705977204,82.31770281633652,32.88233991188189,30.082885950445593,32.808841569891094,34.59546789727926,36.632749283910016,54.11362318743631,36.88871410448721,30.54880701823719,27.7973425981356,49.9821651797218,64.109228787722
ENSG00000272681.2,11.998711661057296,9.906883283368948,9.937088572650724,13.5660969957414,5.614483045019507,10.972605657658963,9.855905791143897,7.799355841959332,10.93219899089959,15.25757884139431,5.502928433142513,4.61335072353984,21.980113280728197,20.893279466739106,9.38937610839794,13.601763655316667,10.233254430566474,32.907657690476995,6.4650161642731945,9.633559136671048,13.530685230177095,6.446423662510703,6.882228039064254,15.036637773990812,5.91942995499021,15.38599439236395,20.166257147458406,10.893038529261796,10.539426981015806,39.468253528079636,11.682695434229164,5.442898295900097,15.931073409013374,5.243989094440916,12.13315001543902,18.212159532499886,6.8452506962292174,9.246508022768692,7.996894198585894,9.638418515183837,5.0923828806283336,19.169682232609496,8.656155090843141,10.618267087768093,22.09342493857369,10.779049169928054,5.5690105448675515,13.396612070978351,14.839343973669186,16.305088014488028,7.982456116491889,11.161201501178617,4.514055668757004,9.437306639180463,14.572547538559935,16.38516357422165,26.365441697217488,24.906672807516195,17.619027737283382,10.230847832373325,6.925717826344358,5.3497385886242,8.561356278430457,14.81279254610456,6.198379025898912,9.860504246168848,4.388405281639264,14.40624218795292,10.103104653936684,11.341957162804382,16.910208723100894,14.738961903779895,13.63503789728391,19.560966188416078,11.794471115329097,8.00732304136763,13.492825261199044,13.746665014683222,16.597670367645225,7.647511520238568,14.360108242627218,14.084438689790108,6.949805866340197,9.75917874724956,19.476208510960493,16.502764148950735,10.939231254707488,14.597970584958837,12.543343865585339,6.923690670519087,9.84304153314515,4.8115179430286155,6.895195267993463,13.251542120845812,10.181552166239626,4.760586296117968
ENSG00000261773.1,6.276649226723539,14.683944058826812,16.088619593815455,21.743819668087554,11.235407723800662,6.095892032032758,17.251371665693284,4.670506018439641,24.436910091752885,14.360074203665233,2.8094034810283306,0.0,3.0551166728488965,11.88533351804766,9.108235247103996,4.117828386116443,3.945807488313433,3.3834294429155487,5.481885654516172,12.55475528563056,18.045148235021948,34.236402931150394,13.13879898366812,17.285851113575347,7.53381994271481,22.48791450928606,13.048754624826026,10.894164259568619,10.510328386141037,44.415730452106544,7.378544484776313,14.844268079727534,11.246522079028647,34.61032802331005,14.652324097526805,10.473921551233248,5.989594359200566,7.791757650356032,9.842331321336484,16.066601514882105,7.407102371823031,18.94774645457203,12.308962929928818,10.618267087768093,8.406615021716714,58.51483835103801,13.910528531310623,10.64617321967525,44.99759135741025,7.285155214515734,18.093567197381613,15.005360498636431,3.009370445838003,15.497335950185285,2.6495540979199883,14.855014547926608,4.633124164807033,4.855253342700004,3.3038774392505643,5.78883963038992,18.7983769572204,8.321815582304309,22.014916144535466,3.137688598337097,16.529010735730427,4.930252123084424,10.987325156060617,28.20418518798227,21.38460813939471,6.4380295665747855,7.957745281459244,6.142411422097527,22.420350220506602,4.747154401518256,8.480838066130563,14.366046475974064,11.342850890704325,6.546030959372962,27.66481269900664,13.965021036957385,10.93839574651999,13.657637517372226,10.108808532858466,7.3965547819959925,12.864624126694682,4.7153449194098895,21.878462509414977,4.865990194986279,7.032796313860188,12.631982511693108,17.61386379615448,24.05785702466557,5.171978298553684,2.2601211148938822,7.404765211810638,3.808469036894376
ENSG00000280195.1,26.284813633167698,31.282941403725705,62.10888563572035,28.711264283731747,51.48663040790733,59.516144594186066,35.98365036480301,40.83049771440304,34.58440131501141,25.476746147505125,51.09171805919852,61.674770428110705,44.847737954919005,36.17719826659094,24.050963107229556,65.10879645737697,29.255499105789493,55.328967922789744,25.422884276145115,45.439868914292774,44.25428243453253,47.68052481616918,19.763443996943032,43.291441784824315,4.533476150528638,18.391918417586783,38.08373937289111,59.96232740855253,20.986873573898038,41.67998272525943,12.51856154861291,21.85689824416522,21.75789649815811,17.655777122509345,37.05668004371164,17.822634390009522,25.443711272250294,50.08804789469557,31.15725311824733,38.37829103859888,30.586333001528136,19.57409304715512,50.18544717988284,61.95752599673221,51.58551175776028,6.443048319310567,19.30955241752556,44.82478080128593,18.356240826697075,60.121289794432194,25.60809173632475,35.14812770742031,27.36661296036163,34.854161071375124,29.82523561405593,21.47960828557448,60.4281705568788,50.89567869018706,20.265874083114987,40.127194326729466,41.35227387518907,50.92642040362896,51.513313812046974,40.15974702340625,40.26714950384969,20.256803641813896,26.774759119146676,42.42256580705615,35.24397267453642,51.452651820696104,41.015611786065215,34.032767573501985,42.48890761356488,49.03612698668295,70.57227626673753,40.6216724495722,50.51393707747122,29.219387472733906,20.50228203198302,31.261497592431226,33.32628378081611,28.54360880896312,44.03896119334459,30.59724598274081,44.92599172376231,36.5004240685451,59.024263119462454,38.349549965314154,21.12010270019961,34.273094950725735,28.071007510004378,67.28715300276464,50.04475161391193,34.839540973977705,36.384239463883034,22.908766425210995
ENSG00000273769.5,5.403621119136812,16.191184171265117,2.9861329716570566,9.419465315156053,4.011489973705789,13.427055625436633,9.857926666110448,53.96808625190493,7.721883527551133,14.493981895614409,59.49099164642893,5.024158308775211,111.83712848464316,16.155837201808428,6.782234851266892,59.130368493277686,7.303729118943046,131.9765864224461,6.8674870725516834,14.408871086813154,18.89453336244443,0.8559100732787599,11.31569677612,15.811151940448447,14.636059628711244,10.684540791863343,18.234211087689843,15.902211569692314,7.723424726026715,61.07729020003745,1.2297574141293857,10.429483791029368,6.312944633909023,14.946732356321167,8.107936800986947,6.744692256838203,8.627326149358794,15.53131052445468,9.359515758368325,8.674058247989903,8.421829102372964,7.154463107480588,10.777235582928474,13.03923198377922,81.46346220644364,14.408611669470684,13.261370533182793,14.782610747014825,0.0,71.0499332606076,12.399947331358499,5.611308149038304,9.028111337514009,12.699332726842355,6.372981303573941,13.58499333193748,84.84121373104661,103.85581110169016,22.88122346402573,10.581396805031217,6.1210483537492335,1.2162987330476358,13.65878780660795,87.29834102723387,14.462884393764124,12.489930959712849,20.318860411102897,19.843596877181614,16.068020325298743,51.13767122415143,9.312153528363607,14.504444635684216,13.392898114902437,77.71487351485511,66.79033133952727,19.078828022417355,5.677582092752282,7.963783436615878,20.615818423299746,4.0085595385083534,14.386998465504082,6.831729542682004,15.127010628729405,17.960478689526717,94.90611589560513,13.962018422749699,5.469615627353744,8.758782350975302,9.679677116535393,2.611965551872831,9.324986715611196,9.418704487061067,27.231327738268238,18.25228609966001,13.147253193134935,4.5526184969099575
ENSG00000260081.1,35.866567009848794,62.74048825135092,136.28007185349563,58.83621792541338,86.13812588247175,40.2328874114162,110.90167499374256,49.040313193616235,95.17533404156387,55.64528753920278,36.5222452533683,89.21682455186503,97.76373353116469,25.320927929753715,58.292705581465576,63.41455714619322,42.41743049936941,83.73987871215985,45.68238045430145,50.21902114252224,64.96253364607901,56.490064836398155,66.94530910726138,38.89316500554453,63.49933951716769,44.97582901857212,66.43002354456885,83.52192599002608,105.10328386141035,53.995593882953045,11.067816727164473,73.23172252665584,39.36282727660026,61.87907131440282,55.678831570601865,67.0330979278928,29.94797179600282,79.86551591614933,46.75107377634829,43.915377474011095,33.33196067320364,65.90520505938098,95.18931332478284,51.21752359982258,51.37375846604658,167.33190616174025,40.57237488298932,51.90009444591684,276.68731707003326,81.95799616330201,94.19298217460428,67.52412224386394,47.14680365146205,37.519947549585154,40.62649616810649,60.24533677770236,53.74424031176159,52.43673610116005,47.35557662925809,62.51946800821115,45.511860001691495,44.581154905201664,113.74373341343323,105.11256804429271,123.96758051797823,61.6281515385553,107.33771498613063,125.83405699253628,149.69225697576297,63.57554196992601,45.75703536839065,74.93741934958982,50.95534141024228,63.295392020243405,85.65646446791867,56.267015364231746,90.11264874281768,56.29586625060748,47.58347784229142,56.52508514958942,40.1074510705733,57.19135710399621,51.175843197595995,34.517255649314635,58.26917986797003,21.219052137344512,41.02211720515308,43.79391175487651,13.186493088487852,63.159912558465535,63.202687739142554,88.74676146876631,36.20384808987578,31.64169560851435,35.17263475610053,54.58805619548605
ENSG00000236337.1,28.9575005403241,29.968060958458032,3.878881009023998,16.187548948902247,22.485496380360427,16.830514064761164,32.80225098148252,27.666676501430906,9.068177212163931,16.099617692511732,70.90953115472047,9.511210824133354,56.07643739639103,14.74494476248993,10.755611395463538,55.957169938936346,22.529278370836,48.370860687697856,19.019859102148406,21.91425149956646,18.51287847727372,25.484037703816448,10.36488568966855,3.2410970837953768,11.838859909980414,18.34422036733814,13.18552929830261,8.769669078056232,21.8182405492418,56.37453524183489,12.694908761799061,22.2177129202898,5.936279865278888,8.390382551105468,9.76445530183284,11.601858163085556,8.379741988239553,17.087811512083928,21.181804265789765,26.039248185846194,10.268743784397213,23.104552500679837,27.290447891203776,17.535068729134863,69.96676231641099,12.751512510413745,19.905502644021126,40.15683307595406,4.312224493292312,82.02820684668191,21.993369524906672,21.253592610268644,11.159247174908288,18.335713811924744,17.759077933658375,15.831236587301186,68.7716858778299,97.63914472169708,18.95731835867581,12.240617175252096,13.35110200914838,14.315306047759623,30.35086414266381,91.55069350013021,9.714223576969294,11.77895162667315,5.916252007109562,13.220364678433606,23.451270131506163,32.64869648875322,19.92907886743848,23.548408365352174,29.716645557039193,85.99549317590345,52.25909378025784,15.836531049843973,7.689444650485023,23.675030170764195,26.689904699493642,20.9638240799792,14.584527662026654,16.31490161684596,31.0787736736334,19.16833608542666,65.88420493411803,17.673348525194246,28.527600746807558,12.871225304366007,15.383802386799545,33.76667877183197,13.62080087356626,21.597433255800766,20.85824367951377,18.576839491758772,20.610145811858285,16.692519788708047
ENSG00000268066.5,3.5866567009848804,5.339616021391566,0.0,3.8371446473095685,14.980543631734216,7.315070438439308,0.0,43.59138950543666,9.003072139066854,7.1800371018326175,44.95045569645328,0.0,67.21256680267571,3.617275418536245,0.6072156831402664,43.6489808928343,7.891614976626866,96.42773912309315,4.568238045430143,5.169605117612584,5.413544470506585,9.415010806066359,1.2513141889207733,0.0,2.152519983632803,0.0,2.3725008408774597,10.894164259568619,6.005901934937733,20.90152021275601,0.0,7.916942975854684,0.9372101732523872,6.292786913329102,2.948054934584442,2.09478431024665,0.8556563370286522,5.8438182377670245,8.612039906169423,3.2133203029764212,3.703551185911516,9.885780758907146,2.4617925859857634,3.1230197316964983,97.14310691761536,4.1063044456868765,5.796053554712759,5.323086609837625,6.70176892557174,72.85155214515734,1.5964912232983777,3.21543439256495,0.0,7.340843344824607,0.8831846993066628,13.20445737593476,50.96436581287737,65.06039479218005,1.101292479750188,8.104375482545889,3.9575530436253463,13.671613612468386,3.66915269075591,72.1668377617532,0.0,4.930252123084424,5.071073148951053,8.678210827071467,2.673076017424339,47.480468053489034,4.973590800912029,2.4569645688390103,3.0573204846145363,68.04254642176167,63.606370304359885,4.7886821586580215,5.6714254453521615,1.3092061918745923,11.065925079602657,3.3250050087993777,0.9115329788766658,11.096830482864936,4.42260373312558,6.574715361774215,56.75569467659419,4.7153449194098895,2.734807813676872,4.865990194986279,2.6372986176975703,7.579189507015865,4.144438540271643,9.088523764873658,6.8959710647382435,5.650302787234706,6.4791695603343085,0.6347448394823959
ENSG00000281508.1,0.0,551.1858685201606,0.0,388.9641049578816,300.99095521675787,199.7501901056494,0.0,6473.648276978634,0.0,0.0,1187.0666175171705,0.0,22806.14045114972,672.560018568444,0.0,4738.591015323496,0.0,19028.407186957047,0.0,1139.4326639729893,2.8349108328701833e-06,0.0,0.0,0.0,0.0,0.0,5.398305375803141,0.0,1536.8052018667047,3972.159737099175,129.07533818702032,0.0,0.0,255.45148955531934,0.0028312392807169104,0.0,0.0,56.123835561573244,1328.8746662643973,0.0,0.0,0.0,52.192218436225566,878.6116331971028,8918.998207290346,0.0,194.48078097483196,164.24782966149732,0.0,12501.417412549179,0.0,972.0547557819176,0.0,756.8050602839536,0.0,0.0,9170.157334435968,28278.16072868707,0.0,620.8611547348015,815.7278651872737,130.75117759836786,1484.0132667941662,35731.99775786285,0.0,0.0,0.0,2928.5273301764696,0.0,5485.780613382709,714.731855481383,1075.7131414582332,613.9323736608194,4598.536821054725,4969.168967249814,1000.2659151531857,0.0,875.3771544854926,0.0,0.0,1070.3767157757136,0.0,784.3361360591556,0.0,8501.246319958123,0.0,34.23295680770025,0.0,0.0,0.0,182.7790646126951,0.0,0.0,841.7041350637628,0.0,0.0
ENSG00000203930.10,177.64800306395642,415.9988049945743,174.4318672467593,256.6734270490211,209.727610844279,362.0179592847357,492.30239322388917,797.7613488329778,316.82839779906436,282.2140508014442,544.3949689397458,276.9382527356668,961.5063192790046,461.02536936786277,237.37093320614352,699.8776424238317,545.8235498583973,1284.9503752568598,197.64847362597158,256.43383076907145,463.81444508476915,300.6623787212162,156.29414745296023,333.60936393214195,341.35092404445714,294.9041437258817,424.9694681204931,345.35226980449823,403.815825448441,663.1434026867856,234.2011507338709,265.8074019428331,332.8052069422692,226.90531052082073,604.3732034451467,310.8911290523258,267.2274636484073,694.8543377131564,448.65898240887816,324.99628654980285,290.9074644387742,333.8131588860176,307.1439107954565,669.0882393975846,1228.8416211411193,159.39031336378184,239.73173028718537,338.3939388739877,220.24023220106412,697.0199741704182,433.889063030622,338.1136444928464,223.366508848398,254.1285775081804,315.0143185487005,317.64890247124464,1448.157087697075,1256.8891433314354,222.15271901520796,358.9485789615879,233.83597913564725,194.37205214048302,263.43048658551135,874.5051892425322,336.809585635637,320.04731657002543,230.3070129539029,387.6361516709215,475.8075311015323,658.7560850795442,769.6969968585826,419.11761552854927,360.3500598122641,1089.028867404298,514.3255130233276,308.4294404748459,374.7848077052069,471.03144053740834,238.81040936538102,406.96465305300165,295.84532055825287,277.70501165245366,415.6021816103436,494.3076468836912,1604.2564657286111,383.12295353828347,468.06509211861015,439.30354119943917,441.3220342873546,411.7091532106088,250.10443258977278,271.3095421909185,532.2793185739508,320.31001470554816,450.03756408691214,273.14530356058305
ENSG00000232611.1,125.24963865509301,152.59020704330683,72.68175859914311,107.57136574148693,102.71147581585012,142.35005155362256,118.71531411746832,198.29411718955242,102.54550612523654,150.68474614224797,260.32307242339317,88.17401318535015,388.0899433936589,116.40133920034027,104.29050801070706,280.4554085902643,135.11727227418896,457.39144681262087,152.3754073005407,102.97557988277546,157.6830165646805,132.34252735050842,113.32401820542091,176.15794796705708,155.17947066005604,121.26903792744473,149.8222418509911,113.0891719755735,113.79907912545832,436.40371141880837,173.9418076841168,131.26390415754264,144.5215575562111,120.64845709580221,114.96433271780994,115.37653023976499,124.8214351330657,129.25844163146252,132.88131516936386,107.36881349688645,137.85728579318433,150.35201574715558,126.98664696290363,161.85237140701005,324.61957092691944,66.97557068854239,129.42587587673592,138.74758325707015,126.53705647928082,368.1270887890964,124.288438225002,169.67632927272405,79.55180492459388,96.41626778944747,165.77641761395853,146.58928355893983,413.49428558619917,433.310968771936,148.54893742358385,112.58829973937964,188.036207150032,204.5038626119385,225.8082179453972,422.3195501596303,113.90492539469973,118.55654024078035,259.0752109279023,134.9659212905929,157.4219908953489,243.29877059673188,168.03972823593418,159.2788705864109,131.69306076794294,375.3052798296318,264.9837853762494,163.0929369595749,117.71862717726073,178.98026928498368,129.19246211934507,144.4461975942661,155.9268313666425,139.39240930933548,147.8413247930551,132.18629602731107,358.56961434259534,182.66067381564065,145.81858522134397,140.00524308818422,102.77728533075279,160.96303715524945,111.31236642425085,195.03116608946885,169.92672619319418,137.0074119243097,144.4253174781091,141.1006040927392
ENSG00000235813.1,7.419644984193402,8.56776098136416,0.974288947025949,7.161945214322258,11.77553122444284,15.212420483778391,16.47786944983693,44.35610702418918,10.872804437845002,7.882702457757089,59.45222187839072,12.367400296298245,76.78577489704774,20.085593541143087,10.14068407314739,73.06386440337988,13.11418712297132,103.40521649174572,7.800860333517878,19.114836476877567,21.929907747057467,7.789115471765294,6.522099815492855,16.219638209576125,10.881419021260548,11.889242043614754,13.812225395420391,5.18361281948012,7.877190830315957,32.575977237923325,9.614932127815452,11.567742267382874,9.619056613175877,21.327513406654987,11.828235150969489,6.316026069510879,10.549215847958846,15.038871440952176,13.23092296613112,17.587358903604073,10.446884596439554,6.4373732856813595,7.331070613510443,18.957666677317256,68.16559834459142,5.8125560689586875,16.363070632451777,10.183730070445606,11.116032637733683,74.36222014332736,17.398774217002163,29.99421510072437,13.325291709474287,14.871243577797795,5.5007127671507074,20.438106710047624,98.46130150081316,80.33599285898283,18.819877057202987,8.966692611568034,9.840752459452696,13.980709619811115,14.31104084993466,66.17785309189225,8.517192619487696,2.495200599493027,6.52510195294979,9.325670441352203,7.899394054411883,54.13706872384905,10.242215008134158,9.176234417231404,17.758344124200715,51.342294594940526,43.93489679320872,4.270534777385826,4.654841339024271,12.534326988945429,6.728038184698097,9.719122640920931,5.284421023111906,14.348372534813327,16.59758955004699,10.706923966649313,70.6789260203967,13.721771599105768,9.139673017151834,13.032581539231751,15.316287542186489,10.838607322525526,6.7877614412568965,4.331424694434838,16.67375119750294,14.207799364557411,11.12306806292135,9.25356416791016
ENSG00000227060.6,19.726611855416838,14.683944058826812,8.517504490843477,12.364132752441945,3.7451359079335536,24.38344621029039,4.928963333055224,6.2273413579195225,23.15075692902905,22.437615943226923,7.491742616075548,22.560576323460122,6.110233345697793,17.052869830242294,10.929882296524797,9.882788126679463,16.76968182533209,10.15028832874665,6.395533263602202,12.55475528563056,7.218059294008778,18.830021612132718,17.518398644890823,22.68767958656764,9.686339926347614,14.202893374285932,17.793756306580942,7.2627761730457445,6.005901934937733,5.225380053189004,9.838059313035084,21.771593183600388,5.623261039514324,37.75672147997461,15.384940302403145,12.5687058614799,17.113126740573044,18.505424419595574,9.842331321336484,13.924387979564493,22.221307115469088,15.652486201602981,6.564780229295369,19.36272233651829,10.274751693209316,31.82375679646216,33.617110617334,11.976944872134654,6.70176892557174,0.9106444018144668,12.239766045287563,2.143622928376633,4.0124939277840035,14.681686689649215,15.897324587519927,23.107800407885836,14.825997327382504,6.797354679780007,13.215509757002255,0.0,13.851435652688716,8.916230981040332,2.4461017938372733,1.5688442991685485,18.595137077696734,24.65126061542212,22.819829170279746,6.5086581203036005,10.692304069697355,7.2427832623966335,19.894363203648116,0.0,7.133747797433919,11.86788600379564,4.2404190330652805,8.380193777651538,5.6714254453521615,7.8552371512475565,7.7461475557218575,9.975015026398133,12.761461704273325,20.486456276058345,6.3180053330365435,18.902306665100873,6.053940765503381,16.50370721793462,21.878462509414977,9.731980389972557,29.01028479467327,37.89594753507933,19.6860830662903,48.6503330943237,13.791942129476487,14.690787246810233,17.586317378050264,22.85081422136625
ENSG00000223749.8,18.829947680170623,38.71221615508886,173.189257980484,50.735579225537634,74.90271815867109,28.041103347350685,24.64481666527612,13.233100385578986,51.446126508953455,21.540111305497852,19.66582436719832,22.560576323460122,7.63779168212224,26.35443519219264,26.110274375031462,18.11844489891235,18.74258556948881,25.375720821866622,43.855085236129376,21.41693548725213,23.45869270552853,20.54184175869024,28.780226345177788,41.05389639474144,27.982759787226442,61.54587128857238,22.538757988335856,31.472030083198234,60.059019349377344,9.579863430846508,50.42005397930481,7.916942975854684,17.806993291795358,35.65912584219824,33.700345424311664,27.23219603320645,21.391408425716303,24.3492426573626,25.836119718508268,38.559736525040286,11.110653557734548,21.419191644298813,11.488365401266895,19.98732628285759,20.549503386418632,97.52473058506334,17.388160664138276,26.615433049188127,30.63665794547081,14.570310429031467,28.736788802996692,32.1543439256495,21.06559312086602,35.888567463586966,37.09375737087984,17.330850305914375,23.165620824035173,21.36311470788002,41.84911423050715,15.050983039013795,23.745318261752075,21.993369753232823,69.7139011243623,9.413065795011288,41.32252683932607,35.74432789236207,43.949385142128286,23.86507977444653,32.07691220909207,10.461798045684024,25.862672164742545,14.741787413034062,7.133747797433919,10.285501203289556,16.961676132261125,16.760387555303076,34.02855267211297,43.20380433186156,14.385702603483448,34.58005209151354,22.788324471916646,55.48415241432468,39.17163306482657,27.94254028754042,25.729248253389365,11.788362298524726,35.55250157779933,17.517564701950604,42.19677788316113,15.15837901403173,30.04717941696941,17.107809439762182,25.859891492768423,19.211029476598,9.255956514763296,25.38979357929584
ENSG00000235189.1,27.796589432632825,16.0188480641747,5.678336327228983,18.759373831291228,11.235407723800662,4.876713625626207,27.109298331803732,28.801453780377788,15.433837952686035,19.745102030039693,15.410233620919302,18.45865335555828,19.858258373517824,19.636637986339615,27.324705741311988,29.64836438003839,25.647748674037317,10.15028832874665,10.963771309032344,10.339210235225169,5.413544470506585,16.262291392296436,1.2513141889207733,14.044754029779966,11.838859909980414,30.77293564428619,14.235005045264757,13.315089650583866,13.513279353609901,3.4835867021260025,35.662965009752185,7.916942975854684,13.120942425533421,11.536776007770019,13.187091687774124,18.853058792219848,15.401814066515742,8.765727356650537,24.605828303341212,17.13770828254091,3.703551185911516,3.295260252969048,46.774059133729494,2.4984157853571993,24.28577672940384,22.584674451277827,22.025003507908483,10.64617321967525,33.5088446278587,28.22997645624847,22.88304086727675,28.93890953308455,29.09058097643403,10.603440386968877,4.415923496533313,20.631964649898066,12.972747661459694,20.392064039340013,17.620679676003007,5.78883963038992,13.851435652688716,33.881677727953274,79.49830829971137,29.023619534618145,39.25640049735977,18.488445461566588,22.819829170279746,58.577923082732404,29.40383619166773,12.071305437327723,10.94189976200646,20.884198835131592,24.45856387691629,15.22507359654935,69.54287214227061,32.32360457094165,8.192058976619789,15.710474302495113,81.88784558905964,10.640016028158009,9.115329788766658,12.804035172536464,51.175843197595995,9.040233622439546,15.13485191375845,14.146034758229673,16.408846882061233,16.544366662953347,10.54919447079028,10.10558600935449,12.433315620814927,11.7616189898365,15.51593489566105,18.080968919151054,7.404765211810638,15.233876147577504
ENSG00000260683.1,16.948028909163856,9.56856521225358,14.234548144036404,12.93420454221057,7.490271815867108,11.736067367534812,2.5108385666749964,99.88733379869889,16.102508981986155,20.343378621549896,84.74209742747695,6.280351708080309,159.66879889393363,9.687528649108161,11.549910230579323,150.41521172238419,29.18190979613245,164.97517377920144,16.304589772705633,7.705739536811638,1.8596066610637167,10.904123151556748,10.4588593852565,16.90242932856235,15.813703311756749,4.772917825662224,18.028515264785767,12.204248034916521,11.380178178132908,17.561108924087392,2.6979033029877533,21.5311160407088,23.814416781325825,8.572107749184223,11.191225360829511,39.162097419276634,13.957466169611376,8.909904092273313,18.383506441992285,22.225251207566714,13.083813040808554,16.792399104611302,5.10571679345804,17.879163043173186,164.3745435196269,4.653171806002342,13.649937963490734,12.602753549420214,14.611292351087586,114.99344312792542,12.179365460672773,21.064739430278664,1.0074971003272857,7.577993367325469,17.954438389145007,10.378703497484725,198.7146954285736,176.4214565110159,10.595689128623725,12.393789871872213,8.108046692010037,27.295733434577762,8.311438058154105,132.02373873008042,9.954617376857069,16.482572385289693,15.316922892749211,16.291670272242467,0.0,108.73831937944813,9.865535135236284,17.559188684121757,8.181919552379169,187.937469178907,80.80093024991693,11.717486232547294,8.712002658282021,19.50717225893143,13.408138781951351,17.300001060783163,30.51219916842808,12.757257764039464,14.640018777658947,20.914169565803785,170.91409894909572,24.209877536103214,16.505139465180797,29.428340861630222,11.674881430777528,29.130867509865713,15.107307366998189,17.823183183866735,11.762044086860142,13.668760478655221,21.152544863623415,22.71980288649709
ENSG00000280223.1,7.625196279726848,16.533854029437922,10.013462196251952,15.039432635486698,7.490271815867108,13.684424187029053,10.215621535190268,86.78345074629671,12.861531627238364,10.896693557132497,126.34355688097908,20.776855120868003,164.07045824034068,12.406427879769367,5.759956887916096,164.90090841906462,12.432943460114007,129.8450258734093,7.406475206579803,9.733554069946011,15.139680872552828,30.187520329505226,6.461723905877428,5.72422039991742,2.5513065984005343,12.74804366297991,9.850742116365254,16.099516989060053,9.544939709119145,30.861791311474686,22.135633454328946,6.018895482108404,7.772574501935754,8.739841984359009,12.913166488770864,5.617708771847054,15.87815794933959,10.306352638067183,9.073288460629708,14.121364514136946,2.925823954626027,23.39799542620673,12.474231272201328,11.68527800929952,159.55755311218326,1.1489234523809595,17.40647619337117,8.704510840154352,14.52043551236805,138.69751690715606,13.199523352360435,3.2639874518926812,9.766751282210127,19.593118711967147,15.8088294806494,21.063420294656733,189.1648999000734,183.9403018375211,5.978949911338162,11.918294584631985,9.874955611632231,10.726760844050382,21.186910687321546,130.85965626009732,13.529139916039295,7.683403513657229,24.377662841637502,20.023799925005754,16.64703532143303,141.50064709005142,13.778338595766591,10.589050468428056,16.23070298872165,204.26688912772957,97.15478471797847,14.041732976778949,21.46924403921889,10.56251845130119,11.336044310795755,14.412699711342135,15.01787044018462,8.60516523828934,17.202096300311926,12.011183126541274,149.86606039263182,12.359862102757205,8.620333013334596,7.3920619529291125,20.36117606798017,13.017889577425336,10.049828294112004,15.619750789929864,13.347083036090226,18.96964854152733,15.88035203281424,8.864465581307453
ENSG00000260585.1,8.069977577215981,2.669808010695784,3.7855575514859896,2.5580964315397123,0.0,8.53424884484586,0.0,92.63170269905291,5.144612650895344,1.795009275458154,73.0444905067366,8.20384593580368,131.37001693250252,1.033507262438927,3.6432940988415994,116.12276048848369,5.91871123247015,99.8111685660087,3.6545904363441153,1.4770300336035953,3.6090296470043897,0.0,1.2513141889207733,10.803656945984587,15.06763988542962,1.1835744478571608,0.0,1.2104626955076243,6.005901934937733,0.0,8.608301898905701,15.833885951709368,4.686050866261937,5.243989094440916,5.860929639010723,0.0,5.133938022171913,6.8177879440615285,2.460582830334121,4.2844270706352265,12.036541354212424,12.35722594863393,0.8205975286619211,11.867474980446696,131.70363534022852,0.0,1.1592107109425518,5.323086609837625,4.786977803979814,97.43895099414793,7.450292375392428,6.4308687851299,3.009370445838003,3.2625970421442703,5.299108195839977,5.776950101971457,123.24110278386708,79.62615482028006,7.7090473582513175,2.315535852155969,0.9893882609063368,5.3497385886242,1.2230508969186369,69.02914916341612,0.0,12.32563030771106,12.677682872377634,2.169552706767867,5.346152034848678,148.07468003122003,0.0,2.4569645688390103,2.038213656409691,209.6659860670563,40.70802271742669,5.985852698322526,8.192058976619789,3.9276185756237783,1.1065925079602654,4.655007012319129,10.93839574651999,2.560807034507293,2.5272021332146166,8.218394202217771,90.80911148255069,27.11323328660687,0.0,3.892792155989023,5.274597235395142,12.631982511693108,0.0,16.573190394769608,10.343956597107368,2.2601211148938822,9.255956514763296,7.616938073788751
ENSG00000203650.8,27.02249925014276,33.94567442319315,17.092454817530754,23.182621006007064,53.207520357602796,23.25924180174291,12.399078357283734,85.96066326938161,73.48153141526839,61.587845246534535,65.12225363058481,35.98822115888679,131.6419223163861,47.270555169431645,37.927723835602386,79.75813565412166,31.207194134696532,113.37533720265715,45.88310883401765,30.232441539811827,47.17940096342957,57.26158217645162,9.450487846114696,32.46790611005911,27.022305370529484,28.534086218719576,19.593060944302405,18.40399586876747,58.354544380242004,19.594913930456105,22.880374544325694,26.875349434772307,21.013095573474445,42.035082422565175,23.128620326325574,13.837621457411807,30.066052370512786,25.502617583556557,39.53935155892202,47.77436093653224,13.188716128149498,26.1771355420545,193.1399373335131,27.4564651939722,81.94142497384503,17.50517585196316,31.58130476677669,49.63285878162176,25.92397403700876,120.30067870170014,37.538830297155855,70.83827047228064,58.19731224092739,29.632945459905606,16.50159955878555,23.687723670265175,48.40743724880365,126.015187357773,19.82326463550339,33.980257076803625,59.34657499277089,100.43658667822949,241.21254399208738,150.64748940551027,88.94425967003903,30.26829685925221,58.27525130580082,76.14652699159723,13.385160849650633,53.547828067768286,18.12863899750832,36.11946758181697,79.65665083434098,83.87747112042607,122.33354485251353,74.20386240886313,11.39452387809531,39.79083471026368,49.146761078286886,22.81279286527236,34.88008289660929,31.4033473846319,86.02911961729208,20.902252894210566,61.66990541873199,35.454089030928046,19.533036632249416,39.99143237690643,15.062843145025749,5.064237580832836,18.07783369073789,39.41644641111656,59.010375994454726,53.49797083798415,42.31453080289189,45.742823382814905
ENSG00000235244.3,70.83646984445139,30.70279212300151,66.24725715100482,20.4647714523177,33.70622317140199,57.30138510110793,4.928963333055224,338.94329226418324,66.38530995525589,24.23262521868508,413.5432559395432,31.789903001239253,720.7356294084558,27.86371752289532,62.54321536344746,453.8283371309249,26.634200546115675,793.8126031805997,53.458069796188994,39.31721016749746,30.676751999537316,30.812762638035355,24.40062668395508,19.446582502772266,38.890331926288134,22.48791450928606,92.5275327942209,41.15573164725922,57.056068381908474,76.65902515997685,55.33908363582236,43.76169399333436,26.241884851066843,46.147104031080076,114.2668820907677,9.426529396109924,37.648878829260696,37.010848839191155,37.97466693711256,83.54632787738694,31.318247304643897,28.00971215023691,69.75078993626329,99.31202746794865,617.7246102740943,42.0896205682905,92.96301888510904,34.600062963944566,2.8721866823878885,760.0484051532028,16.497075974083238,37.51340124659108,26.19014974073536,86.45882161682316,80.36980763690632,37.23756013443923,689.6720371758474,848.9604679844665,39.64652927100678,26.73668204729671,29.867652820240487,56.22789246187578,33.02237421680319,886.8990592059638,45.454779523258686,74.24207833916373,32.11679661002334,63.15220800968178,66.82690043560848,399.0475818713092,102.45597049878778,18.42723426629258,43.821593612808364,623.8654931007275,527.8736518339712,38.45551207510324,21.853766684413767,39.27618575623779,50.84029025246927,34.04598978700017,30.080588302929968,112.67550951832087,35.547119765370155,38.936368395789145,676.6217166268679,21.307700621829408,76.5746187829524,32.22560398512003,123.07393549255328,68.21270556314279,118.1164983977418,81.79671388386292,65.51172511501332,117.99527310582235,86.08039558729865,60.93550459031001
ENSG00000271826.5,20.19565688548814,25.119689611034488,13.99331348906796,37.78496023122467,18.34247723356801,11.140340222812377,17.273650579958698,74.00455707101098,17.702997977679697,22.94309055519594,64.05421207388054,62.55432526050306,156.60451687106618,17.643260853910533,35.351793464584745,104.760024839834,3.9771766578455248,113.37872063210004,18.767052808714304,14.979669343299262,18.15269731850268,20.80220960298164,15.526744416095081,24.741778881707692,9.602380884386017,8.789590757866115,19.261859826915924,17.95479316246459,13.228644646158367,23.022414886677886,33.27944918968661,12.93549312824897,16.67325014521194,26.095558050884446,14.594227632480113,36.807978811421435,18.684282906625054,13.654860488307689,21.83102904557342,26.477866407202477,15.40779140996803,36.04256806889956,45.85014837620905,17.22395350346326,74.41246056039554,4.1063044456868765,18.894902746221412,18.658483184802844,71.8046670596972,85.35561042647177,21.996615723727373,27.867098068896237,14.169620744228238,10.979862520706275,13.913515115937305,24.83981257631548,134.671946723279,112.80986931629751,33.14615040928128,12.739962481769528,40.70175109364315,31.096425494095893,98.99716413910583,85.45651782000998,30.045196039605603,29.950295597313257,69.61493152782772,118.70512375336773,29.287022769706287,63.92729981036974,16.563449972461303,28.24452759400261,30.467013914646426,116.99045545581642,96.17270366992058,28.81266252926755,13.349401213269918,20.13820964341498,35.487536456279344,16.780103277607292,16.502575356178934,16.335388073122026,42.51531102722949,9.036946264758662,109.55362557774056,18.12566798658864,21.791687057487007,15.292444705587275,12.088321944078587,11.375251835569784,24.64718322092247,16.774634850922812,25.244426075240533,27.348256532606193,16.561312753605378,18.27620816321663
ENSG00000229487.1,12.566927748910825,1.727619414681188,10.005323247516255,11.642110034639856,3.7451359079335536,6.456732264976903,3.862508181498731,25.27023986336952,5.613878493846762,10.877666458812639,26.62340573474768,13.186246668765648,38.8101400081182,9.70210110150855,19.046777219333997,34.650537590357196,14.77645717261056,32.99444265568778,7.3091808726882315,9.652834378609576,11.782254727389347,3.968444172958436,2.9289761482906327,14.841415692976868,13.684538169946366,10.035291028491297,8.510551978866191,3.2799907660170096,6.005901934937733,14.68026981109674,23.395028022138852,7.448210470790489,17.800245378547938,15.367929560386665,11.898859353119569,5.488303471081568,7.918055498469004,6.046306539705652,4.202552445069163,18.402149821762126,10.596693241909676,15.015265250185092,11.997464108048751,10.252124254423997,32.97233203134372,0.0,18.657032708335997,8.793818925750905,2.179376958773498,48.09167724646308,10.354575992442728,6.575359688617128,7.816598983428547,5.283180485792454,7.16123247955213,13.147760737076842,58.57807141538806,54.63024245632504,17.264411558803825,6.726481140682697,8.90449434815703,6.538569386096244,1.2230508969186369,43.6977262446762,14.028378024048612,9.609554413103849,5.9401621170068655,6.514255566287061,0.0,24.924187664037625,7.8727565618532624,2.4569645688390103,11.502454948582448,46.45296291909679,25.665221006008274,6.791416782757375,7.984043694451928,13.499486885657296,8.656342025369336,10.267681967272654,18.483974592363147,2.8419665748492973,10.460405529641953,13.815285021812114,50.711137519277344,12.250701867872868,4.087033537149401,15.032892788586713,9.083383899073972,13.797409218221912,5.960945952472702,6.415428539910817,17.526800058138722,7.348015363898394,9.909519604270733,13.20802451788549
ENSG00000237863.2,28.474915881206588,18.68865607487049,5.678336327228983,42.63494052566187,63.66731043487042,3.332880201377654,9.857926666110448,12.454682715839045,27.00921641720056,25.066137775744075,20.900557197110267,34.866345227165645,22.91337504636672,34.15886193377396,28.539137107592527,17.294879221689058,39.45807488313433,38.89260603205032,21.013895008978665,3.692575084008988,9.022574117510974,18.830021612132718,10.636170605826573,22.68767958656764,37.669099713574056,80.5240141301828,10.676253783948567,3.6313880865228727,39.03836257709528,0.8708966755315006,61.48787070646929,44.5328042391826,38.42561710334787,75.51344295994922,10.173987760358713,32.46915680882307,42.78281685143261,30.193060895129623,18.994100071339695,61.053085756552,32.40607287672576,28.00971215023691,87.43712847151367,19.36272233651829,9.340683357463016,0.0,39.637703286756334,14.638488177053471,24.892284580695033,12.749021625402534,17.65948123376679,2.143622928376633,7.021864373622007,12.868906208107806,15.014139888213267,14.855014547926608,31.02506733224723,23.305216044960016,18.672964640404317,24.31312644763767,11.872659130876038,55.875047481186094,53.814239464420005,20.39497588919113,14.462884393764124,41.907143046217605,22.819829170279746,77.14321950508639,21.38460813939471,16.095073916436966,8.952463441641651,12.917614068899539,16.42830780271057,11.86788600379564,12.721257099195842,26.337751872619123,23.94601854704245,23.565711453742672,192.914485097729,31.255047082714157,28.257522345176643,40.725794673286735,52.43944426420331,40.7623312196379,29.512961231828974,30.64974197616429,21.878462509414977,42.82071371587925,21.977488480813083,44.21193879092589,37.14473763911161,27.800190339613547,23.262868789787998,35.025322929621986,31.259771699049487,12.060151950165524
ENSG00000261409.1,59.837987070881255,51.099190891913544,39.53967543057722,95.38033084757922,53.000788855484856,26.882883861264464,49.28963333055224,62.93374528843561,64.55447092811849,53.888422210848105,38.59830077906554,54.35191499773814,63.76677708528626,67.62651421042875,71.05577202539085,49.35538511374674,60.06604094272333,108.46513522362595,48.45292546409392,12.754154340167046,61.90514418061925,57.43336332815868,43.20762868059652,52.86650686291153,94.88082073255113,149.95769896905443,33.49923737302154,47.39627207394879,48.08370133375662,5.365533455182289,78.2911530373918,82.01408633155863,52.11638331421874,104.22040270008335,23.165470921430856,58.65668390650952,81.58007205061945,69.03584935489012,51.308442265551655,81.17511171514387,47.81488276326992,58.1960260790662,138.58497243301122,24.7167024437495,59.64250500140714,13.348363861594336,64.31695155950996,51.9905869182841,129.32594974787943,78.39928890545127,54.17852615385375,23.90889833164878,59.42553663222207,42.84695287014622,37.198768031627395,30.670570842093873,120.05351335847985,57.997846174821774,70.50353313187931,61.97716951163621,30.505808248525074,66.01101886043274,78.91234461499765,54.368848283190744,38.424784644718336,78.0735005203157,55.04523126357645,78.1488071846733,56.04210793570823,77.02418335765282,20.05242391930109,62.69583908180635,49.00905118973665,89.38337903378701,53.754435148077995,60.13351705618621,30.223404293311358,36.68736143242496,291.2086712098076,56.52535114999013,57.31218028038093,71.01100834641827,98.32458979591449,89.50406573809308,105.57315952442207,60.205759698271464,47.50060343497222,66.97208285065466,64.65416680244125,61.13930063589511,98.16589654161865,75.89986581759491,56.17940747310307,41.65979545633723,50.33333616989192,45.890465032478524
ENSG00000236064.1,102.4564353203341,75.55690160669603,68.16397957826096,46.13569549222397,43.0731825907346,103.53762890351062,54.489689646925505,83.60361456540906,51.575770747756,123.38983509963123,138.6946310514066,125.20812215297771,127.25553855334327,76.48057092774305,95.2842849983706,137.61288326994824,133.58136670936295,117.03705371725248,47.82497546236909,65.07380759648032,193.66413988790256,109.3202581994563,68.63833720487118,96.2483752563737,107.12715267543324,30.44177151377575,144.23618862114515,117.51026592464555,59.809323976432296,33.02387939814919,68.0861341119805,130.72258318156858,131.95075750237683,89.04429826077136,84.121190492516,91.69373674184044,129.189560733597,147.9021697493519,91.02212611800283,94.95961315085215,169.2680292886964,108.0688838111832,58.487022078591174,134.11433475402808,126.48779775342115,82.42502787738357,88.81756546170739,83.38056250216606,14.07457639970537,162.14569960947662,73.04373077582956,56.92840847119109,67.20927329038207,88.78994720343525,112.09821795949816,96.37603327260383,157.2491607783837,211.34820695706262,128.84351108341374,75.84641882850222,74.43682368694044,73.026903811714,14.70217252676924,138.02378375225052,102.3125103278294,126.66310729416193,74.93414918953412,35.058670009744674,67.5136136644848,100.51454136184464,93.26149212877372,91.23913356737977,65.61947338264744,136.9641076002045,127.55604493363673,90.75690002669631,80.42396360700774,100.59076302277731,67.18388698028683,121.55885811669643,110.12776837596329,80.67003103964183,69.64337278606182,166.02553415494273,96.33787288664665,138.0676569127813,90.95533219039088,114.10747007242823,118.12284688759571,142.54813304970318,49.864952017876846,110.75435445588538,80.99473174884025,60.76346917997777,146.38480347228452,135.8468210563434
ENSG00000231728.3,7.230412976649441,8.012147236258262,7.571115102971978,5.542542268336043,3.7451359079335536,7.3539744213877425,4.928963333055224,28.272908182624374,3.858459488171509,4.5120519903945215,35.76745218479869,0.0,31.988369989313906,2.7067296826459892,3.6432940988415994,32.942627088931545,1.9729037441567163,28.93035179459369,6.968938503064594,5.586061120737286,5.413544470506585,2.5677302198362795,0.0,4.321462778393837,9.686339926347614,8.285021135000127,4.745001681754919,8.47323886855337,9.144706404174894,18.280208309073753,7.378544484776313,3.9689812297277878,6.605354207963767,4.195191275552734,2.9304648195053615,2.09478431024665,2.5669690110859564,1.0567863504207258,4.921165660668242,4.2844270706352265,11.110653557734548,6.6563350913405195,2.4617925859857634,8.119851302410895,45.79568917863682,0.0,10.432896398482963,10.64617321967525,0.0,50.39870377401985,7.982456116491889,18.220794891201386,8.024987855568009,9.19571132820968,3.5648337291994547,9.903343031951072,48.19635211185505,55.11178648285404,8.810339838001504,14.476267040508684,14.840823913595052,11.888307974720444,4.954469108836674,67.217996862241,5.471949665326978,1.232563030771106,0.845178858158509,0.0,8.019228052273018,35.897165257307684,4.973590800912029,18.119008061131726,6.114640969229073,42.07529536849671,25.859941048006636,2.8898260222853565,5.6714254453521615,6.546030959372962,2.213185015920531,7.980012021118507,0.0,4.268011724178821,5.564115664677291,4.931036521330663,48.281842438599966,8.320697644790693,2.734807813676872,12.678045493625053,3.516398156930094,25.57597499142504,0.0,14.092076868863607,10.343956597107368,2.2780099735182677,16.660721726573932,0.0
ENSG00000234405.1,12.522094540148512,19.701047272526328,10.428832498588752,3.8373834029765117,0.0,11.7781412143399,1.7004849564590527,4.130416486643979,9.555140522634431,12.225449173290393,18.27320306165257,10.742628608712325,21.138505015275157,10.587403422513734,12.304193552176164,14.352773196376589,11.819074460119642,12.05363656185879,5.752032979570731,11.830493608653038,3.6090296470043897,7.9678123768644324,1.1485124717299873,13.609150581717868,10.629520370175918,1.1835744478571608,11.956336612644,5.129311462959651,2.079468471198004,10.257246865074908,19.676118626070174,11.86334112574385,12.379421736456132,7.915916905818643,7.581259011301345,0.0,3.445214675412165,12.573072335526385,17.86752222247122,11.53689099445301,14.434590747090132,4.972218195704997,10.85576676642142,25.61263434437859,16.65275710335221,0.0,8.933712370235183,7.923441034176353,0.0,42.47992218472161,10.945756692430118,14.15519964524226,8.864421647730062,14.245966854670849,15.158098994200255,7.0134237434398505,13.899372494421101,126.4579864626272,23.979872841824516,10.399083089711718,16.674852932837123,16.577175523029936,7.887479695246228,70.08796218092498,5.7940794233029465,2.6332106820484675,2.028944818683898,2.6271981547334797,5.346152034848678,7.472307063981982,11.695995599240744,14.208380405139112,10.998914264766436,20.821493920499226,39.337943327843305,15.519759725048747,8.894118430916105,17.841992903486137,11.081417374714098,10.770821725204177,11.175758934219477,0.0,19.941709772823234,13.93732817571505,13.988008509993405,22.352856823216616,0.0,15.950715859165022,2.3346861833075594,2.5263965023386223,0.0,11.890889874915702,15.489764685470366,11.354961487282608,17.418414326872462,7.022245633677695
ENSG00000239407.5,17.03661932967818,10.679232042783132,0.0,0.4263494052566187,22.470815447601325,17.06849768969172,4.928963333055224,173.58714035200668,1.286153162723836,13.462569565936155,194.7853080179643,12.305768903705518,226.07863379081832,19.636637986339615,2.4288627325610657,183.65514602079338,30.580008034429106,176.78418839233746,20.100247399892638,14.770300336035952,5.413544470506585,11.126830952623877,8.759199322445411,11.884022640583048,15.06763988542962,8.285021135000127,10.676253783948567,7.2627761730457445,9.0088529024066,33.09407367019703,12.297574141293858,27.7093004154914,36.5511967568431,4.195191275552734,5.128313434134382,7.331745085863274,14.546157729487089,29.21909118883512,18.45437122750591,33.20430979742301,45.36850202741607,6.5905205059380965,14.770755515914582,24.35955390723269,274.61609070941256,8.212608891373755,30.139478484506345,14.638488177053471,0.0,221.28658964091545,5.853801152094053,7.502680249318216,0.0,16.31298521072135,11.481401090986614,2.475835757987768,253.89520423142542,206.83379239902015,8.810339838001504,25.470894373715648,24.734706522658414,18.42687736081669,6.115254484593184,195.32111524648425,2.066126341966304,23.418697584651014,6.761430865268072,4.339105413535734,0.0,192.8358853465271,13.926054242553679,14.741787413034062,17.324816079482375,208.87479366680327,225.5902925590729,17.957558094967577,8.192058976619789,14.40126811062052,12.172517587562922,22.61003405983577,20.05372553528665,17.925649241551053,21.481218132324248,25.47702202687509,230.8064916848164,16.50370721793462,27.348078136768716,38.92792155989023,29.01028479467327,31.579956279232768,5.180548175339553,20.315523709717592,29.30787702513754,22.601211148938823,37.949421710529506,0.0
ENSG00000261101.2,14.346626803939523,9.344328037435245,8.517504490843477,2.1317470262830933,11.235407723800662,18.287676096098274,2.464481666527612,134.6662568650097,10.289225301790689,16.155083479123387,110.50320358711436,0.0,106.92908354971136,11.88533351804766,13.358745029085863,138.3590337735125,31.566459906507465,59.21001525102211,21.013895008978665,14.770300336035952,9.022574117510974,1.7118201465575198,3.128285472301933,10.803656945984587,13.991379893613221,27.222212300714702,15.421255465703485,12.104626955076244,4.5044264512033,55.73738723401604,11.067816727164473,11.875414463782027,30.92793571732877,19.92715855887549,8.791394458516084,15.710882326849873,9.412219707315174,13.635575888123055,13.533205566837664,23.564348888493754,43.51672643446032,10.709595822149408,9.026572815281133,12.492078926785991,137.30804535470628,4.1063044456868765,27.821057062621247,18.630803134431687,14.360933411939445,124.75828304858194,4.2573099287956735,9.64630317769485,2.0062469638920017,10.603440386968877,14.130955188906606,8.252785859959229,100.07548195983192,64.08934412364005,8.810339838001504,19.682054743325725,22.755930000845748,32.69284693048123,13.453559866105005,100.40603514678708,14.462884393764124,6.16281515385553,8.45178858158509,6.5086581203036005,0.0,156.12221698943858,4.973590800912029,13.513305128614554,14.267495594867835,126.59078404048681,117.03556531260176,4.7886821586580215,1.8904751484507205,11.782855726871336,21.025257651245038,17.95502704751664,12.761461704273325,11.950432827700698,14.531412265984047,31.22989796842753,125.61927088419512,22.39788836719698,16.408846882061233,41.847515676882,26.372986176975704,6.315991255846554,5.180548175339553,0.0,32.75586255750666,5.650302787234706,32.395847801671536,4.443213876376771
ENSG00000228275.1,15.424506809003004,14.302028022896778,20.999339488541867,8.166808127571581,24.21103029858173,12.239697775437296,61.846413869677065,20.139221951511733,12.10654685918784,7.338895422710662,17.38149839677418,2.05096148395092,20.89088780894075,24.533963824769593,6.915822301557751,15.612169829986438,15.617308748370151,15.32498990447776,15.871886265042493,18.272043139703356,5.658146454832307,7.3994024972000085,12.352410581640859,10.928871329988553,8.74744299728674,36.164827398944276,15.753880083594506,1.3798548451169612,10.629230229697963,28.229157751010515,16.785696799900464,19.600074687110645,19.52518070241896,15.746860212350965,9.413825186179023,9.661040499642038,6.151065266561242,23.35131329629325,19.311884343877352,19.54030787307638,13.10362703965318,7.029622172796856,13.845203563336801,16.499412925709677,18.564047731956297,8.212608891373755,15.387594819193618,30.442865398826623,22.08663688978247,21.893530579543047,13.72780229814987,21.167204606255066,0.0,23.04184691536575,17.28516102401042,8.679785000353517,15.863261165399505,35.604543812687666,5.506462398750942,15.421584552151355,14.780372290853672,8.187239936030476,24.549077602950874,21.584944290110467,15.134210164795814,8.369423445323811,3.877646794076913,21.322103655789785,17.12455362118572,13.288253976149518,14.148672166802502,13.374363782246714,17.576943108780252,27.648060188362532,24.01951437927564,14.826238831421099,4.2704069160029885,24.856065076454268,19.07732285948259,5.564469032335953,12.188836686942999,23.643333827964447,11.959289114851543,17.177019170229293,21.149744761324328,12.387211103289786,37.834698698312685,13.066935430008352,13.318094289510961,7.579189507015865,18.996344882225596,25.816486373168622,20.372250118726345,19.97325532259596,21.77250883098226,8.251682913271146
